{"cameraMode":{"drawMode":0,"name":"Shaded","section":"Shading Mode"},"sceneLighting":true,"audioPlay":false,"sceneViewState":{"showFog":true,"showMaterialUpdate":true,"showSkybox":true,"showFlares":true,"showImageEffects":true,"showParticleSystems":true},"in2DMode":false,"pivot":{"x":104.48332214355469,"y":34.43458557128906,"z":-3.561049699783325},"rotation":{"x":-0.0062835924327373508,"y":0.9539669156074524,"z":0.020036278292536737,"w":0.2991761565208435},"size":0.2949901223182678,"orthographic":false}